MySQL Shell 1.0.11

Copyright (c) 2016, 2017, Oracle and/or its affiliates. All rights reserved.

Oracle is a registered trademark of Oracle Corporation and/or its
affiliates. Other names may be trademarks of their respective
owners.

Type '\help' or '\?' for help; '\quit' to exit.

Currently in JavaScript mode. Use \sql to switch to SQL mode and execute queries.
mysql-js> \sql
Switching to SQL mode... Commands end with ;
mysql-sql> \connect -c root@localhost
Creating a Classic Session to 'root@localhost'
Enter password:
Your MySQL connection id is 77
Server version: 5.5.8-log MySQL Community Server (GPL)
No default schema selected; type \use <schema> to set one.
mysql-sql> show databases;
+--------------------+
| Database           |
+--------------------+
| information_schema |
| ejercicios         |
| ejercicios_copy12  |
| ejercicios_copy13  |
| ejercicios_copy14  |
| evaluacion_2       |
| gallitobd          |
| inventario         |
| inventario_copy    |
| itch2              |
| itch2_backup       |
| mundo              |
| mundo_copy         |
| mysql              |
| performance_schema |
| test               |
| topicos            |
| topicos_copy       |
+--------------------+
18 rows in set (0.05 sec)
mysql-sql> use evaluacion_2;
Query OK, 0 rows affected (0.11 sec)
mysql-sql> show tables;
+------------------------+
| Tables_in_evaluacion_2 |
+------------------------+
| hijo                   |
| hijos_2                |
| padre                  |
+------------------------+
3 rows in set (0.16 sec)
mysql-sql> create table maestro(
       ... id int not null ket auto_increment,
       ... nombre varchar(50));
ERROR: 1064 (42000): You have an error in your SQL syntax; check the manual that corresponds to your MySQL server version for the right syntax to use near 'ket auto_increment,
nombre varchar(50))' at line 2
mysql-sql> id int not null key auto_increment,
       ... ;
ERROR: 1064 (42000): You have an error in your SQL syntax; check the manual that corresponds to your MySQL server version for the right syntax to use near 'id int not null key auto_increment,' at line 1
mysql-sql> create table maestro(
       ... id int not null key auto_increment,
       ... nombre varchar(50));
Query OK, 0 rows affected (0.22 sec)
mysql-sql> create table detalle(
       ... id int not null key auto_increment,
       ... maestro_id int,
       ... foreign key (maestro_id) reference maestro(id) on delete restrict on update cascade);
ERROR: 1064 (42000): You have an error in your SQL syntax; check the manual that corresponds to your MySQL server version for the right syntax to use near 'reference maestro(id) on delete restrict on update cascade)' at line 4
mysql-sql> create table detalle(
       ... id int not null key auto_increment,
       ... maestro_id int,
       ... foreign key (maestro_id) references maestro(id) on delete restrict on update cascade);
Query OK, 0 rows affected (0.25 sec)
mysql-sql> show create table detalle;
+---------+--------------------------------------------------------------------------------------------------------------------------------------------------------------------------------------------------------------------------------------------------------------------------------------------------------------+
| Table   | Create Table                                                                                                                                                                                                                                                                                                 |
+---------+--------------------------------------------------------------------------------------------------------------------------------------------------------------------------------------------------------------------------------------------------------------------------------------------------------------+
| detalle | CREATE TABLE `detalle` (
  `id` int(11) NOT NULL AUTO_INCREMENT,
  `maestro_id` int(11) DEFAULT NULL,
  PRIMARY KEY (`id`),
  KEY `maestro_id` (`maestro_id`),
  CONSTRAINT `detalle_ibfk_1` FOREIGN KEY (`maestro_id`) REFERENCES `maestro` (`id`) ON UPDATE CASCADE
) ENGINE=InnoDB DEFAULT CHARSET=latin1 |
+---------+--------------------------------------------------------------------------------------------------------------------------------------------------------------------------------------------------------------------------------------------------------------------------------------------------------------+
1 row in set (0.05 sec)
mysql-sql> insert into maestro (nombre) values ('Miguel');
Query OK, 1 row affected (0.11 sec)
mysql-sql> insert into maestro (nombre) values ('Carlos');
Query OK, 1 row affected (0.09 sec)
mysql-sql> select * from maestro;
+----+--------+
| id | nombre |
+----+--------+
|  1 | Miguel |
|  2 | Carlos |
+----+--------+
2 rows in set (0.00 sec)
mysql-sql> insert into detalle (maestro_id) values (1);
Query OK, 1 row affected (0.09 sec)
mysql-sql> insert into detalle (maestro_id) values (1);
Query OK, 1 row affected (0.08 sec)
mysql-sql> insert into detalle (maestro_id) values (2);
Query OK, 1 row affected (0.09 sec)
mysql-sql> insert into detalle (maestro_id) values (2);
Query OK, 1 row affected (0.09 sec)
mysql-sql> insert into detalle (maestro_id) values (2);
Query OK, 1 row affected (0.09 sec)
mysql-sql> select * from detalle;
+----+------------+
| id | maestro_id |
+----+------------+
|  1 |          1 |
|  2 |          1 |
|  3 |          2 |
|  4 |          2 |
|  5 |          2 |
+----+------------+
5 rows in set (0.00 sec)
mysql-sql> delete from maestro where id = 1;
ERROR: 1451 (23000): Cannot delete or update a parent row: a foreign key constraint fails (`evaluacion_2`.`detalle`, CONSTRAINT `detalle_ibfk_1` FOREIGN KEY (`maestro_id`) REFERENCES `maestro` (`id`) ON UPDATE CASCADE)
mysql-sql> select * from detalle;
+----+------------+
| id | maestro_id |
+----+------------+
|  1 |          1 |
|  2 |          1 |
|  3 |          2 |
|  4 |          2 |
|  5 |          2 |
+----+------------+
5 rows in set (0.00 sec)
mysql-sql> update maestro set id = 1 where id = 1;
Query OK, 0 rows affected (0.00 sec)

Rows matched: 1  Changed: 0  Warnings: 0
mysql-sql> select * from detalle;
+----+------------+
| id | maestro_id |
+----+------------+
|  1 |          1 |
|  2 |          1 |
|  3 |          2 |
|  4 |          2 |
|  5 |          2 |
+----+------------+
5 rows in set (0.00 sec)
mysql-sql> select * from maestro;
+----+--------+
| id | nombre |
+----+--------+
|  1 | Miguel |
|  2 | Carlos |
+----+--------+
2 rows in set (0.00 sec)
mysql-sql> update maestro set id = 12 where id = 1;
Query OK, 1 row affected (0.08 sec)

Rows matched: 1  Changed: 1  Warnings: 0
mysql-sql> select * from maestro;
+----+--------+
| id | nombre |
+----+--------+
|  2 | Carlos |
| 12 | Miguel |
+----+--------+
2 rows in set (0.00 sec)
mysql-sql> select * from detalle;
+----+------------+
| id | maestro_id |
+----+------------+
|  3 |          2 |
|  4 |          2 |
|  5 |          2 |
|  1 |         12 |
|  2 |         12 |
+----+------------+
5 rows in set (0.00 sec)
mysql-sql> create table alumno(
       ... id int not null key auto_increment,
       ... nombre varchar(50),
       ... no_control varchar(10) unique);
Query OK, 0 rows affected (0.11 sec)
mysql-sql> create table horarios(
       ... id int not null key auto_increment,
       ... alumno_id int not null,
       ... foreign key (alumno_id) references alumno(id) on delete restrict on update cascade);
Query OK, 0 rows affected (0.11 sec)
mysql-sql> create table detalle_materia(
       ... id int not null key auto_increment,
       ... horario_id int not null,
       ... materia_id int not null,
       ... foreign key (horario_id) references horarios(id) on delete restrict on update cascade);
Query OK, 0 rows affected (0.23 sec)
mysql-sql> create table materia(
       ... id int not null key auto_increment,
       ... nombre varchar(50));
Query OK, 0 rows affected (0.09 sec)
mysql-sql> alter table detalle_materia add foreign key(materia_id) references materia(id) on delete restrict update cascade;
ERROR: 1064 (42000): You have an error in your SQL syntax; check the manual that corresponds to your MySQL server version for the right syntax to use near 'update cascade' at line 1
mysql-sql> alter table detalle_materia add foreign key(materia_id) references materia(id) on delete restrict on update cascade;
Query OK, 0 rows affected (0.25 sec)

Records: 0  Duplicates: 0  Warnings: 0
mysql-sql> insert into detalle_materia(horario_id, materia_id) values (5,6);
ERROR: 1452 (23000): Cannot add or update a child row: a foreign key constraint fails (`evaluacion_2`.`detalle_materia`, CONSTRAINT `detalle_materia_ibfk_1` FOREIGN KEY (`horario_id`) REFERENCES `horarios` (`id`) ON UPDATE CASCADE)
mysql-sql> insert into alumno(nombre) values('Luis');
Query OK, 1 row affected (0.09 sec)
mysql-sql> select * from alumno;
+----+--------+------------+
| id | nombre | no_control |
+----+--------+------------+
|  1 | Luis   | null       |
+----+--------+------------+
1 row in set (0.00 sec)
mysql-sql> insert into alumno(nombre, num_control) values('Luis','15551395');
ERROR: 1054 (42S22): Unknown column 'num_control' in 'field list'
mysql-sql> insert into alumno(nombre, no_control) values('Luis','15551395');
Query OK, 1 row affected (0.09 sec)
mysql-sql> select * from alumno;
+----+--------+------------+
| id | nombre | no_control |
+----+--------+------------+
|  1 | Luis   | null       |
|  2 | Luis   | 15551395   |
+----+--------+------------+
2 rows in set (0.00 sec)
mysql-sql> insert into alumno(nombre, no_control) values('Carlos','15791395');
Query OK, 1 row affected (0.09 sec)
mysql-sql> select * from alumno;
+----+--------+------------+
| id | nombre | no_control |
+----+--------+------------+
|  1 | Luis   | null       |
|  2 | Luis   | 15551395   |
|  3 | Carlos | 15791395   |
+----+--------+------------+
3 rows in set (0.00 sec)
mysql-sql> insert into materia(nombre) values ('TBD');
Query OK, 1 row affected (0.08 sec)
mysql-sql> insert into materia(nombre) values ('FBD');
Query OK, 1 row affected (0.08 sec)
mysql-sql> insert into materia(nombre) values ('ARQ');
Query OK, 1 row affected (0.08 sec)
mysql-sql> insert into horario(alumno_id) values (3);
ERROR: 1146 (42S02): Table 'evaluacion_2.horario' doesn't exist
mysql-sql> insert into horarios(alumno_id) values (3);
Query OK, 1 row affected (0.09 sec)
mysql-sql> select * from horarios;
+----+-----------+
| id | alumno_id |
+----+-----------+
|  1 |         3 |
+----+-----------+
1 row in set (0.00 sec)
mysql-sql> insert into detalle_materia(horario_id, materia_id) values(1,2);
Query OK, 1 row affected (0.09 sec)
mysql-sql> select * from detalle_materia;
+----+------------+------------+
| id | horario_id | materia_id |
+----+------------+------------+
|  2 |          1 |          2 |
+----+------------+------------+
1 row in set (0.00 sec)
mysql-sql> delete from materias where id = 1;
ERROR: 1146 (42S02): Table 'evaluacion_2.materias' doesn't exist
mysql-sql> delete from materia where id = 1;
Query OK, 1 row affected (0.09 sec)
mysql-sql> delete from alumno where id = 3;
ERROR: 1451 (23000): Cannot delete or update a parent row: a foreign key constraint fails (`evaluacion_2`.`horarios`, CONSTRAINT `horarios_ibfk_1` FOREIGN KEY (`alumno_id`) REFERENCES `alumno` (`id`) ON UPDATE CASCADE)
mysql-sql> select * from materia;
+----+--------+
| id | nombre |
+----+--------+
|  2 | FBD    |
|  3 | ARQ    |
+----+--------+
2 rows in set (0.02 sec)